{
  "countries": [
    {
      "id": 1,
      "name": "Australia",
      "cities": [
        {
          "name": "Sydney, Australia",
          "imageUrl": "sydney.jpg",
          "description": "A vibrant city known for its iconic landmarks like the Sydney Opera House and Sydney Harbour Bridge."
        },
        {
          "name": "Melbourne, Australia",
          "imageUrl": "melbourne.jpg",
          "description": "A cultural hub famous for its art, food, and diverse neighborhoods."
        }
      ]
    },
    {
      "id": 2,
      "name": "Japan",
      "cities": [
        {
          "name": "Tokyo, Japan",
          "imageUrl": "tokyo.jpg",
          "description": "A bustling metropolis blending tradition and modernity, famous for its cherry blossoms and rich culture."
        },
        {
          "name": "Kyoto, Japan",
          "imageUrl": "kyoto.jpg",
          "description": "Known for its historic temples, gardens, and traditional tea houses."
        }
      ]
    },
    {
      "id": 3,
      "name": "Brazil",
      "cities": [
        {
          "name": "Rio de Janeiro, Brazil",
          "imageUrl": "rio_de_janeiro.jpg",
          "description": "A lively city known for its stunning beaches, vibrant carnival celebrations, and iconic landmarks."
        },
        {
          "name": "São Paulo, Brazil",
          "imageUrl": "sao_paulo.jpg",
          "description": "The financial hub with diverse culture, arts, and a vibrant nightlife."
        }
      ]
    }
  ],
  "temples": [
    {
      "id": 1,
      "name": "Angkor Wat, Cambodia",
      "imageUrl": "angkor_wat.jpg",
      "description": "A UNESCO World Heritage site and the largest religious monument in the world."
    },
    {
      "id": 2,
      "name": "Taj Mahal, India",
      "imageUrl": "taj_mahal.jpg",
      "description": "An iconic symbol of love and a masterpiece of Mughal architecture."
    }
  ],
  "beaches": [
    {
      "id": 1,
      "name": "Bora Bora, French Polynesia",
      "imageUrl": "bora_bora.jpg",
      "description": "An island known for its stunning turquoise waters and luxurious overwater bungalows."
    },
    {
      "id": 2,
      "name": "Copacabana Beach, Brazil",
      "imageUrl": "copacabana.jpg",
      "description": "A famous beach in Rio de Janeiro, Brazil, with a vibrant atmosphere and scenic views."
    }
  ]
}
